{"cameraMode":{"drawMode":0,"name":"Shaded","section":"Shading Mode"},"sceneLighting":false,"audioPlay":false,"sceneViewState":{"showFog":true,"showMaterialUpdate":true,"showSkybox":true,"showFlares":true,"showImageEffects":true,"showParticleSystems":true},"in2DMode":false,"pivot":{"x":0.10158663243055344,"y":33.59721374511719,"z":-13.98200511932373},"rotation":{"x":0.6118335127830505,"y":-0.01423600409179926,"z":0.011013799346983433,"w":0.7907825112342835},"size":15.708417892456055,"orthographic":false}